{
    "avg_speed": 88.99925735298274,
    "avg_spin": 2248.7323163803485,
    "avg_pfx_x": -0.3262954703478217,
    "avg_pfx_z": 0.5904272304848475
}